arlei,rua do bauru 21,sebatiao moraes, catanduva,sp
arlei,rua do bauru 21,sebatiao moraes, catanduva,sp
arlei,rua do bauru 21,sebatiao moraes, catanduva,sp
arlei,rua do bauru 21,sebatiao moraes, catanduva,sp
arlei,rua do bauru 21,sebatiao moraes, catanduva,sp
arlei,rua do bauru 21,sebatiao moraes, catanduva,sp
arlei,rua do bauru 21,sebatiao moraes, catanduva,sp
arlei,rua do bauru 21,sebatiao moraes, catanduva,sp
arlei,rua do bauru 21,sebatiao moraes, catanduva,sp
arlei,rua do bauru 21,sebatiao moraes, catanduva,sp
arlei,rua do bauru 21,sebatiao moraes, catanduva,sp
arlei,rua do bauru 21,sebatiao moraes, catanduva,sp
arlei,rua do bauru 21,sebatiao moraes, catanduva,sp
arlei,rua do bauru 21,sebatiao moraes, catanduva,sp